S0,localhost,15555,1
S1,localhost,15556,0
S2,localhost,15557,0
S3,localhost,15558,0
S4,localhost,15559,0
S5,localhost,15560,0
S6,localhost,15561,0
S7,localhost,15562,0
S8,localhost,15563,0
S9,localhost,15564,0
S10,localhost,15565,0
S11,localhost,15566,0
S12,localhost,15567,0
S13,localhost,15568,0
S14,localhost,15569,0
S15,localhost,15570,0
S16,localhost,15571,0
S17,localhost,15572,0
S18,localhost,15573,0
S19,localhost,15574,0
S20,localhost,15575,0
S21,localhost,15576,0
S22,localhost,15577,0
S23,localhost,15578,0
S24,localhost,15579,0
S25,localhost,15580,0
S26,localhost,15581,0
S27,localhost,15582,0
S28,localhost,15583,0
S29,localhost,15584,0
S30,localhost,15585,0
S31,localhost,15586,0
S32,localhost,15587,0
S33,localhost,15588,0
S34,localhost,15589,0
S35,localhost,15590,0
S36,localhost,15591,0
S37,localhost,15592,0
S38,localhost,15593,0
S39,localhost,15594,0
S40,localhost,15595,0
S41,localhost,15596,0
S42,localhost,15597,0
S43,localhost,15598,0
S44,localhost,15599,0
S45,localhost,15600,0
S46,localhost,15601,0
S47,localhost,15602,0
S48,localhost,15603,0
S49,localhost,15604,0
S50,localhost,15605,0
S51,localhost,15606,0
S52,localhost,15607,0
S53,localhost,15608,0
S54,localhost,15609,0
S55,localhost,15610,0
S56,localhost,15611,0
S57,localhost,15612,0
S58,localhost,15613,0
S59,localhost,15614,0
S60,localhost,15615,0
S61,localhost,15616,0
S62,localhost,15617,0
S63,localhost,15618,0
S64,localhost,15619,0
S65,localhost,15620,0
S66,localhost,15621,0
S67,localhost,15622,0
S68,localhost,15623,0
S69,localhost,15624,0
S70,localhost,15625,0
S71,localhost,15626,0
S72,localhost,15627,0
S73,localhost,15628,0
S74,localhost,15629,0
S75,localhost,15630,0
S76,localhost,15631,0
S77,localhost,15632,0
S78,localhost,15633,0
S79,localhost,15634,0
S80,localhost,15635,0
S81,localhost,15636,0
S82,localhost,15637,0
S83,localhost,15638,0
S84,localhost,15639,0
S85,localhost,15640,0
S86,localhost,15641,0
S87,localhost,15642,0
S88,localhost,15643,0
S89,localhost,15644,0
S90,localhost,15645,0
S91,localhost,15646,0
S92,localhost,15647,0
S93,localhost,15648,0
S94,localhost,15649,0
S95,localhost,15650,0
S96,localhost,15651,0
S97,localhost,15652,0
S98,localhost,15653,0
S99,localhost,15654,0
